"Status","Start Time","Stop Time","Duration in ms","Parent Suite","Suite","Sub Suite","Test Class","Test Method","Name","Description"
"passed","Wed Oct 02 19:14:58 GMT 2024","Wed Oct 02 19:15:05 GMT 2024","7655","","","","EncodeTests","EncodeDecodeBatched","EncodeDecodeBatched",""
"passed","Wed Oct 02 19:15:09 GMT 2024","Wed Oct 02 19:15:09 GMT 2024","4","","","","PiratedAPITests","GetMaxByteCount","GetMaxByteCount",""
"passed","Wed Oct 02 19:15:09 GMT 2024","Wed Oct 02 19:15:09 GMT 2024","0","","","","NativeMemoryTests","WrapBuffer","WrapBuffer",""
"passed","Wed Oct 02 19:14:56 GMT 2024","Wed Oct 02 19:14:57 GMT 2024","166","","","","DecodeTests","DecodeMutating","DecodeMutating",""
"passed","Wed Oct 02 19:15:06 GMT 2024","Wed Oct 02 19:15:09 GMT 2024","3400","","","","EncodeTests","EncodeWithMaxManagedLength","EncodeWithMaxManagedLength",""
"passed","Wed Oct 02 19:15:05 GMT 2024","Wed Oct 02 19:15:06 GMT 2024","95","","","","EncodeTests","EncodeOverflowing","EncodeOverflowing",""
"passed","Wed Oct 02 19:14:57 GMT 2024","Wed Oct 02 19:14:58 GMT 2024","1250","","","","DecodeTests","DecodeMutatingStressTest","DecodeMutatingStressTest",""
"passed","Wed Oct 02 19:15:06 GMT 2024","Wed Oct 02 19:15:06 GMT 2024","96","","","","EncodeTests","EncodeOverflowingWiden","EncodeOverflowingWiden",""
"passed","Wed Oct 02 19:15:10 GMT 2024","Wed Oct 02 19:15:10 GMT 2024","450","","","","SIMDHelpersTests","NarrowNonOverlapping","NarrowNonOverlapping",""
"passed","Wed Oct 02 19:15:09 GMT 2024","Wed Oct 02 19:15:10 GMT 2024","501","","","","SIMDHelpersTests","NarrowMutating","NarrowMutating",""
"passed","Wed Oct 02 19:15:09 GMT 2024","Wed Oct 02 19:15:09 GMT 2024","2","","","","PiratedAPITests","GetMaxCharCount","GetMaxCharCount",""
"passed","Wed Oct 02 19:15:10 GMT 2024","Wed Oct 02 19:15:10 GMT 2024","420","","","","SIMDHelpersTests","WidenTest","WidenTest",""
